Timestamp,User Count,Type,Name,Requests/s,Failures/s,50%,66%,75%,80%,90%,95%,98%,99%,99.9%,99.99%,100%,Total Request Count,Total Failure Count,Total Median Response Time,Total Average Response Time,Total Min Response Time,Total Max Response Time,Total Average Content Size
1704584596,0,,Aggregated,0.000000,0.000000,N/A,N/A,N/A,N/A,N/A,N/A,N/A,N/A,N/A,N/A,N/A,0,0,0,0.0,0,0,0
1704584597,1,,Aggregated,0.000000,0.000000,5,5,5,5,5,5,5,5,5,5,5,1,1,5.254916000012599,5.254916000012599,5.254916000012599,5.254916000012599,0.0
1704584598,1,,Aggregated,0.000000,0.000000,5,5,5,5,5,5,5,5,5,5,5,2,2,1.4045039997654385,3.329709999889019,1.4045039997654385,5.254916000012599,0.0
1704584599,1,,Aggregated,0.000000,0.000000,5,5,5,5,5,5,5,5,5,5,5,2,2,1.4045039997654385,3.329709999889019,1.4045039997654385,5.254916000012599,0.0
1704584600,1,,Aggregated,0.000000,0.000000,5,5,5,5,5,5,5,5,5,5,5,2,2,1.4045039997654385,3.329709999889019,1.4045039997654385,5.254916000012599,0.0
1704584601,1,,Aggregated,1.000000,1.000000,2,2,5,5,5,5,5,5,5,5,5,3,3,2,2.7695083332825257,1.4045039997654385,5.254916000012599,0.0
1704584602,1,,Aggregated,1.000000,1.000000,2,2,5,5,5,5,5,5,5,5,5,3,3,2,2.7695083332825257,1.4045039997654385,5.254916000012599,0.0
1704584603,1,,Aggregated,0.500000,0.500000,2,2,5,5,5,5,5,5,5,5,5,4,4,1.4045039997654385,2.451032499948269,1.4045039997654385,5.254916000012599,0.0
1704584604,1,,Aggregated,0.500000,0.500000,2,2,5,5,5,5,5,5,5,5,5,4,4,1.4045039997654385,2.451032499948269,1.4045039997654385,5.254916000012599,0.0
1704584605,1,,Aggregated,0.500000,0.500000,2,2,2,5,5,5,5,5,5,5,5,5,5,2,2.2693270000672783,1.4045039997654385,5.254916000012599,0.0
1704584606,1,,Aggregated,0.500000,0.500000,2,2,2,5,5,5,5,5,5,5,5,5,5,2,2.2693270000672783,1.4045039997654385,5.254916000012599,0.0
1704584607,1,,Aggregated,0.500000,0.500000,2,2,2,5,5,5,5,5,5,5,5,5,5,2,2.2693270000672783,1.4045039997654385,5.254916000012599,0.0
1704584608,1,,Aggregated,0.555556,0.555556,2,2,2,2,5,5,5,5,5,5,5,6,6,1.3957040000605048,2.123723166732816,1.3957040000605048,5.254916000012599,0.0
1704584609,1,,Aggregated,0.555556,0.555556,2,2,2,2,5,5,5,5,5,5,5,6,6,1.3957040000605048,2.123723166732816,1.3957040000605048,5.254916000012599,0.0
1704584610,1,,Aggregated,0.400000,0.400000,1,2,2,2,5,5,5,5,5,5,5,7,7,1.3633039998239838,2.0150918571744114,1.3633039998239838,5.254916000012599,0.0
1704584611,1,,Aggregated,0.400000,0.400000,1,2,2,2,5,5,5,5,5,5,5,7,7,1.3633039998239838,2.0150918571744114,1.3633039998239838,5.254916000012599,0.0
1704584612,1,,Aggregated,0.400000,0.400000,1,2,2,2,5,5,5,5,5,5,5,7,7,1.3633039998239838,2.0150918571744114,1.3633039998239838,5.254916000012599,0.0
1704584613,1,,Aggregated,0.400000,0.400000,1,2,2,2,5,5,5,5,5,5,5,8,8,1.3633039998239838,1.9421184999828256,1.3633039998239838,5.254916000012599,0.0
1704584614,1,,Aggregated,0.400000,0.400000,1,2,2,2,5,5,5,5,5,5,5,9,9,1.3633039998239838,1.900016888915464,1.3633039998239838,5.254916000012599,0.0
1704584615,1,,Aggregated,0.400000,0.400000,1,2,2,2,5,5,5,5,5,5,5,9,9,1.3633039998239838,1.900016888915464,1.3633039998239838,5.254916000012599,0.0
1704584616,1,,Aggregated,0.400000,0.400000,1,2,2,2,5,5,5,5,5,5,5,9,9,1.3633039998239838,1.900016888915464,1.3633039998239838,5.254916000012599,0.0
1704584617,1,,Aggregated,0.400000,0.400000,2,2,2,2,5,5,5,5,5,5,5,10,10,1.3633039998239838,1.8725657000686624,1.3633039998239838,5.254916000012599,0.0
1704584618,1,,Aggregated,0.400000,0.400000,2,2,2,2,5,5,5,5,5,5,5,10,10,1.3633039998239838,1.8725657000686624,1.3633039998239838,5.254916000012599,0.0
1704584619,1,,Aggregated,0.500000,0.500000,1,2,2,2,2,5,5,5,5,5,5,11,11,1.3633039998239838,1.832796454602265,1.3633039998239838,5.254916000012599,0.0
1704584620,1,,Aggregated,0.500000,0.500000,1,2,2,2,2,5,5,5,5,5,5,11,11,1.3633039998239838,1.832796454602265,1.3633039998239838,5.254916000012599,0.0
1704584621,1,,Aggregated,0.500000,0.500000,1,2,2,2,2,5,5,5,5,5,5,11,11,1.3633039998239838,1.832796454602265,1.3633039998239838,5.254916000012599,0.0
1704584622,1,,Aggregated,0.400000,0.400000,2,2,2,2,2,5,5,5,5,5,5,12,12,1.3633039998239838,1.8061971667672576,1.3633039998239838,5.254916000012599,0.0
1704584623,1,,Aggregated,0.500000,0.500000,1,2,2,2,2,5,5,5,5,5,5,13,13,1.3633039998239838,1.7753131539323546,1.3633039998239838,5.254916000012599,0.0
1704584624,1,,Aggregated,0.400000,0.400000,2,2,2,2,2,5,5,5,5,5,5,14,14,1.3633039998239838,1.7559982858464147,1.3633039998239838,5.254916000012599,0.0
1704584625,1,,Aggregated,0.600000,0.600000,1,2,2,2,2,5,5,5,5,5,5,15,15,1.3633039998239838,1.7302720001074097,1.3633039998239838,5.254916000012599,0.0
1704584626,1,,Aggregated,0.600000,0.600000,1,2,2,2,2,5,5,5,5,5,5,15,15,1.3633039998239838,1.7302720001074097,1.3633039998239838,5.254916000012599,0.0
1704584627,1,,Aggregated,0.500000,0.500000,2,2,2,2,2,5,5,5,5,5,5,16,16,1.3633039998239838,1.7313178751123814,1.3633039998239838,5.254916000012599,0.0
1704584628,1,,Aggregated,0.500000,0.500000,2,2,2,2,2,5,5,5,5,5,5,16,16,1.3633039998239838,1.7313178751123814,1.3633039998239838,5.254916000012599,0.0
1704584629,1,,Aggregated,0.500000,0.500000,2,2,2,2,2,5,5,5,5,5,5,16,16,1.3633039998239838,1.7313178751123814,1.3633039998239838,5.254916000012599,0.0
1704584630,1,,Aggregated,0.500000,0.500000,1,2,2,2,2,5,5,5,5,5,5,17,17,1.3633039998239838,1.7125818236736985,1.3633039998239838,5.254916000012599,0.0
1704584631,1,,Aggregated,0.600000,0.600000,2,2,2,2,2,5,5,5,5,5,5,18,18,1.3633039998239838,1.705744222363137,1.3633039998239838,5.254916000012599,0.0
1704584632,1,,Aggregated,0.600000,0.600000,2,2,2,2,2,5,5,5,5,5,5,18,18,1.3633039998239838,1.705744222363137,1.3633039998239838,5.254916000012599,0.0
1704584633,1,,Aggregated,0.600000,0.600000,2,2,2,2,2,5,5,5,5,5,5,18,18,1.3633039998239838,1.705744222363137,1.3633039998239838,5.254916000012599,0.0
1704584634,1,,Aggregated,0.700000,0.700000,1,2,2,2,2,5,5,5,5,5,5,19,19,1.3633039998239838,1.6901526843484087,1.3633039998239838,5.254916000012599,0.0
1704584635,1,,Aggregated,0.700000,0.700000,1,2,2,2,2,5,5,5,5,5,5,19,19,1.3633039998239838,1.6901526843484087,1.3633039998239838,5.254916000012599,0.0
1704584636,1,,Aggregated,0.500000,0.500000,1,2,2,2,2,5,5,5,5,5,5,20,20,1.3633039998239838,1.6771953001352813,1.3633039998239838,5.254916000012599,0.0
1704584637,1,,Aggregated,0.500000,0.500000,1,2,2,2,2,5,5,5,5,5,5,20,20,1.3633039998239838,1.6771953001352813,1.3633039998239838,5.254916000012599,0.0
1704584638,1,,Aggregated,0.500000,0.500000,1,2,2,2,2,2,5,5,5,5,5,21,21,1.3633039998239838,1.6643770953426913,1.3633039998239838,5.254916000012599,0.0
1704584639,1,,Aggregated,0.500000,0.500000,1,2,2,2,2,2,5,5,5,5,5,21,21,1.3633039998239838,1.6643770953426913,1.3633039998239838,5.254916000012599,0.0
1704584640,1,,Aggregated,0.500000,0.500000,1,2,2,2,2,2,5,5,5,5,5,22,22,1.3633039998239838,1.6627105910215918,1.3633039998239838,5.254916000012599,0.0
1704584641,1,,Aggregated,0.500000,0.500000,1,2,2,2,2,2,5,5,5,5,5,23,23,1.3633039998239838,1.6528625218321078,1.3633039998239838,5.254916000012599,0.0
1704584642,1,,Aggregated,0.500000,0.500000,1,2,2,2,2,2,5,5,5,5,5,23,23,1.3633039998239838,1.6528625218321078,1.3633039998239838,5.254916000012599,0.0
1704584643,1,,Aggregated,0.400000,0.400000,1,2,2,2,2,2,5,5,5,5,5,24,24,1.3633039998239838,1.6436517917857902,1.3633039998239838,5.254916000012599,0.0
1704584644,1,,Aggregated,0.400000,0.400000,1,2,2,2,2,2,5,5,5,5,5,24,24,1.3633039998239838,1.6436517917857902,1.3633039998239838,5.254916000012599,0.0
1704584645,1,,Aggregated,0.500000,0.500000,1,2,2,2,2,2,5,5,5,5,5,25,25,1.3633039998239838,1.634693920132122,1.3633039998239838,5.254916000012599,0.0
1704584646,1,,Aggregated,0.500000,0.500000,1,2,2,2,2,2,5,5,5,5,5,25,25,1.3633039998239838,1.634693920132122,1.3633039998239838,5.254916000012599,0.0
1704584647,1,,Aggregated,0.500000,0.500000,1,2,2,2,2,2,5,5,5,5,5,26,26,1.3633039998239838,1.6251405001569834,1.3633039998239838,5.254916000012599,0.0
1704584648,1,,Aggregated,0.500000,0.500000,1,2,2,2,2,2,5,5,5,5,5,26,26,1.3633039998239838,1.6251405001569834,1.3633039998239838,5.254916000012599,0.0
1704584649,1,,Aggregated,0.500000,0.500000,1,2,2,2,2,2,5,5,5,5,5,27,27,1.3633039998239838,1.6206577038583756,1.3633039998239838,5.254916000012599,0.0
1704584650,1,,Aggregated,0.500000,0.500000,1,2,2,2,2,2,5,5,5,5,5,27,27,1.3633039998239838,1.6206577038583756,1.3633039998239838,5.254916000012599,0.0
1704584651,1,,Aggregated,0.600000,0.600000,1,2,2,2,2,3,5,5,5,5,5,28,28,1.3633039998239838,1.6545059644223719,1.3633039998239838,5.254916000012599,0.0
1704584652,1,,Aggregated,0.500000,0.500000,1,2,2,2,2,3,5,5,5,5,5,29,29,1.3633039998239838,1.6567852759996233,1.3633039998239838,5.254916000012599,0.0
1704584653,1,,Aggregated,0.500000,0.500000,1,2,2,2,2,3,5,5,5,5,5,29,29,1.3633039998239838,1.6567852759996233,1.3633039998239838,5.254916000012599,0.0
1704584654,1,,Aggregated,0.500000,0.500000,1,2,2,2,2,3,5,5,5,5,5,30,30,1.3633039998239838,1.650832600140954,1.3633039998239838,5.254916000012599,0.0
1704584655,1,,Aggregated,0.500000,0.500000,1,2,2,2,2,3,5,5,5,5,5,30,30,1.3633039998239838,1.650832600140954,1.3633039998239838,5.254916000012599,0.0
1704584656,1,,Aggregated,0.600000,0.600000,1,2,2,2,2,3,5,5,5,5,5,31,31,1.3633039998239838,1.6463446130317958,1.3633039998239838,5.254916000012599,0.0
1704584657,1,,Aggregated,0.600000,0.600000,1,2,2,2,2,3,5,5,5,5,5,31,31,1.3633039998239838,1.6463446130317958,1.3633039998239838,5.254916000012599,0.0
1704584658,1,,Aggregated,0.500000,0.500000,1,2,2,2,2,3,5,5,5,5,5,32,32,1.3633039998239838,1.6402621251074834,1.3633039998239838,5.254916000012599,0.0
1704584659,1,,Aggregated,0.500000,0.500000,1,2,2,2,2,3,5,5,5,5,5,32,32,1.3633039998239838,1.6402621251074834,1.3633039998239838,5.254916000012599,0.0
1704584660,1,,Aggregated,0.500000,0.500000,1,2,2,2,2,3,5,5,5,5,5,33,33,1.3633039998239838,1.6335513031332416,1.3633039998239838,5.254916000012599,0.0
1704584661,1,,Aggregated,0.500000,0.500000,1,2,2,2,2,3,5,5,5,5,5,33,33,1.3633039998239838,1.6335513031332416,1.3633039998239838,5.254916000012599,0.0
1704584662,1,,Aggregated,0.500000,0.500000,1,2,2,2,2,3,5,5,5,5,5,34,34,1.3633039998239838,1.6357529118656255,1.3633039998239838,5.254916000012599,0.0
1704584663,1,,Aggregated,0.500000,0.500000,1,2,2,2,2,3,5,5,5,5,5,34,34,1.3633039998239838,1.6357529118656255,1.3633039998239838,5.254916000012599,0.0
1704584664,1,,Aggregated,0.500000,0.500000,1,2,2,2,2,3,5,5,5,5,5,34,34,1.3633039998239838,1.6357529118656255,1.3633039998239838,5.254916000012599,0.0
1704584665,1,,Aggregated,0.600000,0.600000,1,2,2,2,2,3,5,5,5,5,5,35,35,1.3633039998239838,1.6296658286851848,1.3633039998239838,5.254916000012599,0.0
1704584666,1,,Aggregated,0.600000,0.600000,1,2,2,2,2,3,5,5,5,5,5,35,35,1.3633039998239838,1.6296658286851848,1.3633039998239838,5.254916000012599,0.0
1704584667,1,,Aggregated,0.400000,0.400000,1,2,2,2,2,3,5,5,5,5,5,36,36,1.3633039998239838,1.6236613334462566,1.3633039998239838,5.254916000012599,0.0
1704584668,1,,Aggregated,0.400000,0.400000,1,2,2,2,2,3,5,5,5,5,5,36,36,1.3633039998239838,1.6236613334462566,1.3633039998239838,5.254916000012599,0.0
1704584669,1,,Aggregated,0.500000,0.500000,1,2,2,2,2,3,5,5,5,5,5,37,37,1.3633039998239838,1.625903054175708,1.3633039998239838,5.254916000012599,0.0
1704584670,1,,Aggregated,0.500000,0.500000,1,2,2,2,2,3,5,5,5,5,5,38,38,1.3633039998239838,1.6215320527551644,1.3633039998239838,5.254916000012599,0.0
1704584671,1,,Aggregated,0.500000,0.500000,1,2,2,2,2,3,5,5,5,5,5,38,38,1.3633039998239838,1.6215320527551644,1.3633039998239838,5.254916000012599,0.0
1704584672,1,,Aggregated,0.500000,0.500000,1,2,2,2,2,3,5,5,5,5,5,39,39,1.3633039998239838,1.6158134103767599,1.3633039998239838,5.254916000012599,0.0
1704584673,1,,Aggregated,0.500000,0.500000,1,2,2,2,2,3,5,5,5,5,5,40,40,1.3633039998239838,1.6106432001151916,1.3633039998239838,5.254916000012599,0.0
1704584674,1,,Aggregated,0.500000,0.500000,1,2,2,2,2,3,5,5,5,5,5,40,40,1.3633039998239838,1.6106432001151916,1.3633039998239838,5.254916000012599,0.0
1704584675,1,,Aggregated,0.500000,0.500000,1,2,2,2,2,3,5,5,5,5,5,40,40,1.3633039998239838,1.6106432001151916,1.3633039998239838,5.254916000012599,0.0
1704584676,1,,Aggregated,0.500000,0.500000,1,2,2,2,2,2,5,5,5,5,5,41,41,1.3633039998239838,1.6057032440008565,1.3633039998239838,5.254916000012599,0.0
1704584677,1,,Aggregated,0.500000,0.500000,1,2,2,2,2,2,5,5,5,5,5,41,41,1.3633039998239838,1.6057032440008565,1.3633039998239838,5.254916000012599,0.0
1704584678,1,,Aggregated,0.500000,0.500000,1,2,2,2,2,2,5,5,5,5,5,41,41,1.3633039998239838,1.6057032440008565,1.3633039998239838,5.254916000012599,0.0
1704584679,1,,Aggregated,0.600000,0.600000,1,2,2,2,2,2,5,5,5,5,5,42,42,1.3577049994637491,1.59979852389283,1.3577049994637491,5.254916000012599,0.0
1704584680,1,,Aggregated,0.500000,0.500000,1,2,2,2,2,2,5,5,5,5,5,43,43,1.3577049994637491,1.5945149303069082,1.3577049994637491,5.254916000012599,0.0
1704584681,1,,Aggregated,0.500000,0.500000,1,2,2,2,2,2,5,5,5,5,5,43,43,1.3577049994637491,1.5945149303069082,1.3577049994637491,5.254916000012599,0.0
1704584682,1,,Aggregated,0.400000,0.400000,1,2,2,2,2,2,5,5,5,5,5,44,44,1.3577049994637491,1.5908169773410918,1.3577049994637491,5.254916000012599,0.0
1704584683,1,,Aggregated,0.400000,0.400000,1,2,2,2,2,2,5,5,5,5,5,44,44,1.3577049994637491,1.5908169773410918,1.3577049994637491,5.254916000012599,0.0
1704584684,1,,Aggregated,0.500000,0.500000,1,2,2,2,2,2,5,5,5,5,5,45,45,1.3577049994637491,1.5917122889530018,1.3577049994637491,5.254916000012599,0.0
1704584685,1,,Aggregated,0.500000,0.500000,1,2,2,2,2,2,5,5,5,5,5,45,45,1.3577049994637491,1.5917122889530018,1.3577049994637491,5.254916000012599,0.0
1704584686,1,,Aggregated,0.500000,0.500000,1,2,2,2,2,2,5,5,5,5,5,45,45,1.3577049994637491,1.5917122889530018,1.3577049994637491,5.254916000012599,0.0
1704584687,1,,Aggregated,0.500000,0.500000,1,2,2,2,2,2,5,5,5,5,5,46,46,1.3577049994637491,1.5883795218028156,1.3577049994637491,5.254916000012599,0.0
1704584688,1,,Aggregated,0.500000,0.500000,1,2,2,2,2,2,5,5,5,5,5,46,46,1.3577049994637491,1.5883795218028156,1.3577049994637491,5.254916000012599,0.0
1704584689,1,,Aggregated,0.400000,0.400000,1,2,2,2,2,2,5,5,5,5,5,47,47,1.3577049994637491,1.5892843404915455,1.3577049994637491,5.254916000012599,0.0
1704584690,1,,Aggregated,0.400000,0.400000,1,2,2,2,2,2,5,5,5,5,5,47,47,1.3577049994637491,1.5892843404915455,1.3577049994637491,5.254916000012599,0.0
1704584691,1,,Aggregated,0.500000,0.500000,1,2,2,2,2,2,5,5,5,5,5,48,48,1.3577049994637491,1.587063937563471,1.3577049994637491,5.254916000012599,0.0
1704584692,1,,Aggregated,0.500000,0.500000,1,2,2,2,2,2,5,5,5,5,5,49,49,1.3577049994637491,1.5832708980139745,1.3577049994637491,5.254916000012599,0.0
1704584693,1,,Aggregated,0.500000,0.500000,1,2,2,2,2,2,5,5,5,5,5,49,49,1.3577049994637491,1.5832708980139745,1.3577049994637491,5.254916000012599,0.0
1704584694,1,,Aggregated,0.500000,0.500000,1,2,2,2,2,2,5,5,5,5,5,49,49,1.3577049994637491,1.5832708980139745,1.3577049994637491,5.254916000012599,0.0
1704584695,1,,Aggregated,0.500000,0.500000,1,2,2,2,2,2,5,5,5,5,5,50,50,1.3577049994637491,1.5808215800643666,1.3577049994637491,5.254916000012599,0.0
1704584696,1,,Aggregated,0.400000,0.400000,1,2,2,2,2,2,3,5,5,5,5,51,51,1.3577049994637491,1.5767075294884396,1.3577049994637491,5.254916000012599,0.0
1704584697,1,,Aggregated,0.400000,0.400000,1,2,2,2,2,2,3,5,5,5,5,51,51,1.3577049994637491,1.5767075294884396,1.3577049994637491,5.254916000012599,0.0
1704584698,1,,Aggregated,0.400000,0.400000,1,2,2,2,2,2,3,5,5,5,5,51,51,1.3577049994637491,1.5767075294884396,1.3577049994637491,5.254916000012599,0.0
1704584699,1,,Aggregated,0.500000,0.500000,1,2,2,2,2,2,3,5,5,5,5,52,52,1.3577049994637491,1.577938269310135,1.3577049994637491,5.254916000012599,0.0
1704584700,1,,Aggregated,0.500000,0.500000,1,2,2,2,2,2,3,5,5,5,5,52,52,1.3577049994637491,1.577938269310135,1.3577049994637491,5.254916000012599,0.0
1704584701,1,,Aggregated,0.500000,0.500000,1,2,2,2,2,2,3,5,5,5,5,53,53,1.3577049994637491,1.5801244529046805,1.3577049994637491,5.254916000012599,0.0
1704584702,1,,Aggregated,0.500000,0.500000,1,2,2,2,2,2,3,5,5,5,5,53,53,1.3577049994637491,1.5801244529046805,1.3577049994637491,5.254916000012599,0.0
1704584703,1,,Aggregated,0.500000,0.500000,1,2,2,2,2,2,3,5,5,5,5,53,53,1.3577049994637491,1.5801244529046805,1.3577049994637491,5.254916000012599,0.0
1704584704,1,,Aggregated,0.600000,0.600000,1,2,2,2,2,2,3,5,5,5,5,54,54,1.3577049994637491,1.577638907477834,1.3577049994637491,5.254916000012599,0.0
1704584705,1,,Aggregated,0.600000,0.600000,1,2,2,2,2,2,3,5,5,5,5,54,54,1.3577049994637491,1.577638907477834,1.3577049994637491,5.254916000012599,0.0
1704584706,1,,Aggregated,0.500000,0.500000,1,2,2,2,2,2,3,5,5,5,5,55,55,1.3577049994637491,1.5743982909705003,1.3577049994637491,5.254916000012599,0.0
1704584707,1,,Aggregated,0.500000,0.500000,1,2,2,2,2,2,3,5,5,5,5,55,55,1.3577049994637491,1.5743982909705003,1.3577049994637491,5.254916000012599,0.0
1704584708,1,,Aggregated,0.500000,0.500000,1,2,2,2,2,2,3,5,5,5,5,55,55,1.3577049994637491,1.5743982909705003,1.3577049994637491,5.254916000012599,0.0
1704584709,1,,Aggregated,0.400000,0.400000,1,2,2,2,2,2,3,5,5,5,5,56,56,1.3577049994637491,1.571694839347921,1.3577049994637491,5.254916000012599,0.0
1704584710,1,,Aggregated,0.400000,0.400000,1,2,2,2,2,2,3,5,5,5,5,56,56,1.3577049994637491,1.571694839347921,1.3577049994637491,5.254916000012599,0.0
1704584711,1,,Aggregated,0.400000,0.400000,1,2,2,2,2,2,3,5,5,5,5,57,57,1.3577049994637491,1.5688494035713487,1.3577049994637491,5.254916000012599,0.0
1704584712,1,,Aggregated,0.400000,0.400000,1,2,2,2,2,2,3,5,5,5,5,58,58,1.3577049994637491,1.5655986379866151,1.3577049994637491,5.254916000012599,0.0
1704584713,1,,Aggregated,0.400000,0.400000,1,2,2,2,2,2,3,5,5,5,5,59,59,1.3577049994637491,1.5671157119159342,1.3577049994637491,5.254916000012599,0.0
1704584714,1,,Aggregated,0.400000,0.400000,1,2,2,2,2,2,3,5,5,5,5,59,59,1.3577049994637491,1.5671157119159342,1.3577049994637491,5.254916000012599,0.0
1704584715,1,,Aggregated,0.400000,0.400000,1,2,2,2,2,2,3,5,5,5,5,59,59,1.3577049994637491,1.5671157119159342,1.3577049994637491,5.254916000012599,0.0
1704584716,1,,Aggregated,0.500000,0.500000,1,2,2,2,2,2,3,5,5,5,5,60,60,1.3577049994637491,1.5653622000627365,1.3577049994637491,5.254916000012599,0.0
1704584717,1,,Aggregated,0.500000,0.500000,1,2,2,2,2,2,3,5,5,5,5,60,60,1.3577049994637491,1.5653622000627365,1.3577049994637491,5.254916000012599,0.0
1704584718,1,,Aggregated,0.500000,0.500000,1,2,2,2,2,2,3,5,5,5,5,61,61,1.3577049994637491,1.5624088033500365,1.3577049994637491,5.254916000012599,0.0
1704584719,1,,Aggregated,0.500000,0.500000,1,2,2,2,2,2,3,5,5,5,5,61,61,1.3577049994637491,1.5624088033500365,1.3577049994637491,5.254916000012599,0.0
1704584720,1,,Aggregated,0.600000,0.600000,1,1,2,2,2,2,3,5,5,5,5,62,62,1.3577049994637491,1.5607055162006638,1.3577049994637491,5.254916000012599,0.0
1704584721,1,,Aggregated,0.600000,0.600000,1,1,2,2,2,2,3,5,5,5,5,62,62,1.3577049994637491,1.5607055162006638,1.3577049994637491,5.254916000012599,0.0
1704584722,1,,Aggregated,0.600000,0.600000,1,1,2,2,2,2,3,5,5,5,5,62,62,1.3577049994637491,1.5607055162006638,1.3577049994637491,5.254916000012599,0.0
1704584723,1,,Aggregated,0.500000,0.500000,1,1,2,2,2,2,3,5,5,5,5,63,63,1.3577049994637491,1.5575467778468184,1.3577049994637491,5.254916000012599,0.0
1704584724,1,,Aggregated,0.500000,0.500000,1,1,2,2,2,2,3,5,5,5,5,64,64,1.3577049994637491,1.5561758125670622,1.3577049994637491,5.254916000012599,0.0
1704584725,1,,Aggregated,0.500000,0.500000,1,1,2,2,2,2,3,5,5,5,5,64,64,1.3577049994637491,1.5561758125670622,1.3577049994637491,5.254916000012599,0.0
1704584726,1,,Aggregated,0.500000,0.500000,1,1,2,2,2,2,3,5,5,5,5,64,64,1.3577049994637491,1.5561758125670622,1.3577049994637491,5.254916000012599,0.0
1704584727,1,,Aggregated,0.500000,0.500000,1,1,2,2,2,2,3,5,5,5,5,65,65,1.3577049994637491,1.5535608616119134,1.3577049994637491,5.254916000012599,0.0
1704584728,1,,Aggregated,0.500000,0.500000,1,1,2,2,2,2,3,5,5,5,5,65,65,1.3577049994637491,1.5535608616119134,1.3577049994637491,5.254916000012599,0.0
1704584729,1,,Aggregated,0.400000,0.400000,1,1,2,2,2,2,3,5,5,5,5,66,66,1.3577049994637491,1.5543675909804844,1.3577049994637491,5.254916000012599,0.0
1704584730,1,,Aggregated,0.400000,0.400000,1,1,2,2,2,2,3,5,5,5,5,66,66,1.3577049994637491,1.5543675909804844,1.3577049994637491,5.254916000012599,0.0
1704584731,1,,Aggregated,0.400000,0.400000,1,1,2,2,2,2,3,5,5,5,5,67,67,1.3577049994637491,1.5519323135084784,1.3577049994637491,5.254916000012599,0.0
1704584732,1,,Aggregated,0.400000,0.400000,1,1,2,2,2,2,3,5,5,5,5,67,67,1.3577049994637491,1.5519323135084784,1.3577049994637491,5.254916000012599,0.0
1704584733,1,,Aggregated,0.400000,0.400000,1,1,2,2,2,2,3,5,5,5,5,67,67,1.3577049994637491,1.5519323135084784,1.3577049994637491,5.254916000012599,0.0
1704584734,1,,Aggregated,0.500000,0.500000,1,1,2,2,2,2,3,5,5,5,5,68,68,1.3577049994637491,1.5499848383141772,1.3577049994637491,5.254916000012599,0.0
1704584735,1,,Aggregated,0.400000,0.400000,1,1,2,2,2,2,3,5,5,5,5,69,69,1.3577049994637491,1.5483909276066485,1.3577049994637491,5.254916000012599,0.0
1704584736,1,,Aggregated,0.500000,0.500000,1,1,2,2,2,2,3,5,5,5,5,70,70,1.316704000601021,1.545081114363711,1.316704000601021,5.254916000012599,0.0
1704584737,1,,Aggregated,0.500000,0.500000,1,1,2,2,2,2,3,5,5,5,5,70,70,1.316704000601021,1.545081114363711,1.316704000601021,5.254916000012599,0.0
1704584738,1,,Aggregated,0.500000,0.500000,1,1,2,2,2,2,3,5,5,5,5,70,70,1.316704000601021,1.545081114363711,1.316704000601021,5.254916000012599,0.0
1704584739,1,,Aggregated,0.500000,0.500000,1,1,2,2,2,2,3,5,5,5,5,71,71,1.316704000601021,1.5442293240251364,1.316704000601021,5.254916000012599,0.0
1704584740,1,,Aggregated,0.600000,0.600000,1,1,2,2,2,2,3,5,5,5,5,72,72,1.316704000601021,1.5456776111982942,1.316704000601021,5.254916000012599,0.0
1704584741,1,,Aggregated,0.500000,0.500000,1,1,2,2,2,2,3,5,5,5,5,73,73,1.316704000601021,1.5447862055698849,1.316704000601021,5.254916000012599,0.0
1704584742,1,,Aggregated,0.600000,0.600000,1,1,2,2,2,2,3,5,5,5,5,74,74,1.316704000601021,1.5425986081961152,1.316704000601021,5.254916000012599,0.0
1704584743,1,,Aggregated,0.600000,0.600000,1,1,2,2,2,2,3,5,5,5,5,74,74,1.316704000601021,1.5425986081961152,1.316704000601021,5.254916000012599,0.0
1704584744,1,,Aggregated,0.600000,0.600000,1,1,2,2,2,2,3,5,5,5,5,75,75,1.316704000601021,1.5447413600850268,1.316704000601021,5.254916000012599,0.0
1704584745,1,,Aggregated,0.600000,0.600000,1,1,2,2,2,2,3,5,5,5,5,75,75,1.316704000601021,1.5447413600850268,1.316704000601021,5.254916000012599,0.0
1704584746,1,,Aggregated,0.600000,0.600000,1,1,2,2,2,2,3,5,5,5,5,76,76,1.316704000601021,1.5425435000882939,1.316704000601021,5.254916000012599,0.0
1704584747,1,,Aggregated,0.600000,0.600000,1,1,2,2,2,2,3,5,5,5,5,76,76,1.316704000601021,1.5425435000882939,1.316704000601021,5.254916000012599,0.0
1704584748,1,,Aggregated,0.600000,0.600000,1,1,2,2,2,2,3,5,5,5,5,76,76,1.316704000601021,1.5425435000882939,1.316704000601021,5.254916000012599,0.0
1704584749,1,,Aggregated,0.600000,0.600000,1,1,2,2,2,2,3,5,5,5,5,77,77,1.316704000601021,1.5405507793056805,1.316704000601021,5.254916000012599,0.0
1704584750,1,,Aggregated,0.600000,0.600000,1,1,2,2,2,2,3,5,5,5,5,77,77,1.316704000601021,1.5405507793056805,1.316704000601021,5.254916000012599,0.0
1704584751,1,,Aggregated,0.600000,0.600000,1,1,2,2,2,2,3,5,5,5,5,78,78,1.316704000601021,1.542069435986494,1.316704000601021,5.254916000012599,0.0
1704584752,1,,Aggregated,0.600000,0.600000,1,1,2,2,2,2,3,5,5,5,5,78,78,1.316704000601021,1.542069435986494,1.316704000601021,5.254916000012599,0.0
1704584753,1,,Aggregated,0.500000,0.500000,1,1,2,2,2,2,3,5,5,5,5,79,79,1.316704000601021,1.5408116583163478,1.316704000601021,5.254916000012599,0.0
1704584754,1,,Aggregated,0.500000,0.500000,1,1,2,2,2,2,3,5,5,5,5,79,79,1.316704000601021,1.5408116583163478,1.316704000601021,5.254916000012599,0.0
1704584755,1,,Aggregated,0.500000,0.500000,1,1,2,2,2,2,3,5,5,5,5,80,80,1.316704000601021,1.5393603250913657,1.316704000601021,5.254916000012599,0.0
1704584756,1,,Aggregated,0.500000,0.500000,1,1,2,2,2,2,3,5,5,5,5,80,80,1.316704000601021,1.5393603250913657,1.316704000601021,5.254916000012599,0.0
1704584757,1,,Aggregated,0.500000,0.500000,1,1,2,2,2,2,3,5,5,5,5,81,81,1.316704000601021,1.5380793951587777,1.316704000601021,5.254916000012599,0.0
1704584758,1,,Aggregated,0.500000,0.500000,1,1,2,2,2,2,3,5,5,5,5,82,82,1.316704000601021,1.5358699513121903,1.316704000601021,5.254916000012599,0.0
1704584759,1,,Aggregated,0.500000,0.500000,1,1,2,2,2,2,3,5,5,5,5,82,82,1.316704000601021,1.5358699513121903,1.316704000601021,5.254916000012599,0.0
1704584760,1,,Aggregated,0.500000,0.500000,1,1,2,2,2,2,3,5,5,5,5,82,82,1.316704000601021,1.5358699513121903,1.316704000601021,5.254916000012599,0.0
1704584761,1,,Aggregated,0.500000,0.500000,1,1,2,2,2,2,3,5,5,5,5,83,83,1.316704000601021,1.534708915751691,1.316704000601021,5.254916000012599,0.0
1704584762,1,,Aggregated,0.500000,0.500000,1,1,2,2,2,2,3,5,5,5,5,84,84,1.316704000601021,1.5375386429544353,1.316704000601021,5.254916000012599,0.0
1704584763,1,,Aggregated,0.600000,0.600000,1,1,2,2,2,2,3,5,5,5,5,85,85,1.316704000601021,1.5360382471579428,1.316704000601021,5.254916000012599,0.0
1704584764,1,,Aggregated,0.500000,0.500000,1,1,2,2,2,2,3,5,5,5,5,86,86,1.316704000601021,1.5341436745201948,1.316704000601021,5.254916000012599,0.0
1704584765,1,,Aggregated,0.500000,0.500000,1,1,2,2,2,2,3,5,5,5,5,87,87,1.316704000601021,1.5320121840039942,1.316704000601021,5.254916000012599,0.0
1704584766,1,,Aggregated,0.500000,0.500000,1,1,2,2,2,2,3,5,5,5,5,87,87,1.316704000601021,1.5320121840039942,1.316704000601021,5.254916000012599,0.0
